               epoch,      train/box_loss,      train/obj_loss,      train/cls_loss,   metrics/precision,      metrics/recall,     metrics/mAP_0.5,metrics/mAP_0.5:0.95,        val/box_loss,        val/obj_loss,        val/cls_loss,               x/lr0,               x/lr1,               x/lr2
                   0,            0.033471,            0.028405,            0.021297,             0.79049,             0.71912,              0.7493,             0.51032,            0.032201,            0.019315,            0.017661,               0.082,               0.002,               0.002
                   1,            0.037561,             0.03004,            0.019108,             0.83421,             0.73067,             0.78356,             0.45932,             0.03685,             0.01832,            0.015632,            0.063086,           0.0040865,           0.0040865
                   2,            0.040738,            0.026981,            0.016957,             0.79781,             0.75186,              0.7763,             0.42979,            0.040363,             0.01761,              0.0148,            0.044159,           0.0061591,           0.0061591
                   3,            0.045035,            0.029843,            0.017052,             0.75453,             0.74437,             0.76593,             0.40381,            0.044824,            0.017359,            0.014598,            0.025218,           0.0082178,           0.0082178
                   4,            0.047416,            0.028897,              0.0172,             0.80056,             0.72923,             0.76338,             0.36844,            0.043177,            0.017662,            0.014294,            0.009868,            0.009868,            0.009868
                   5,            0.047992,            0.028536,            0.017511,              0.7779,             0.71913,             0.73958,             0.40069,            0.044693,             0.01831,            0.015032,            0.009868,            0.009868,            0.009868
                   6,            0.046189,            0.027515,            0.016643,             0.79404,              0.7197,             0.77592,             0.41457,             0.04167,            0.017608,            0.014471,            0.009835,            0.009835,            0.009835
                   7,            0.046463,             0.02987,             0.01642,             0.74979,             0.73971,              0.7637,             0.39788,            0.045996,            0.017679,            0.014589,            0.009802,            0.009802,            0.009802
                   8,            0.046391,             0.02756,            0.016914,             0.76149,             0.76145,             0.78934,             0.43366,              0.0409,            0.017764,             0.01444,            0.009769,            0.009769,            0.009769
                   9,            0.044597,            0.025658,              0.0148,             0.80088,             0.70867,             0.77222,             0.41446,            0.043421,            0.018247,             0.01378,            0.009736,            0.009736,            0.009736
                  10,            0.043906,            0.029409,            0.015245,             0.76386,             0.73666,              0.7742,             0.43541,            0.040377,            0.017971,            0.013827,            0.009703,            0.009703,            0.009703
                  11,            0.044793,            0.028398,            0.015327,             0.79669,             0.69107,             0.76304,             0.38883,            0.042972,             0.01779,            0.013873,             0.00967,             0.00967,             0.00967
                  12,            0.044958,            0.028545,              0.0155,             0.83402,             0.75266,             0.80733,             0.42634,            0.040126,            0.017623,            0.013446,            0.009637,            0.009637,            0.009637
                  13,            0.043885,            0.025652,            0.015286,             0.80714,             0.72338,             0.80221,             0.42339,            0.043356,            0.018271,            0.013267,            0.009604,            0.009604,            0.009604
                  14,            0.043576,            0.027758,            0.014259,             0.78491,             0.73548,             0.79479,             0.42757,            0.040077,            0.018222,            0.013004,            0.009571,            0.009571,            0.009571
                  15,            0.043688,            0.026155,             0.01445,              0.8117,             0.74432,             0.79412,             0.41932,            0.040621,            0.018436,             0.01307,            0.009538,            0.009538,            0.009538
                  16,            0.042628,             0.02754,            0.013346,             0.72903,             0.77196,             0.79656,             0.42358,            0.040405,            0.017895,            0.012524,            0.009505,            0.009505,            0.009505
                  17,            0.043891,            0.025733,             0.01376,             0.74875,             0.75487,              0.7806,             0.42241,            0.041213,             0.01843,            0.013082,            0.009472,            0.009472,            0.009472
                  18,            0.042303,            0.026425,            0.013561,             0.81075,             0.80161,             0.83447,             0.44008,            0.040368,            0.017422,            0.012049,            0.009439,            0.009439,            0.009439
                  19,            0.043098,            0.026995,            0.013347,             0.75071,             0.76747,             0.78384,             0.41721,            0.041572,            0.017178,            0.011725,            0.009406,            0.009406,            0.009406
                  20,            0.043332,            0.026534,            0.013026,             0.81133,             0.74163,             0.80518,             0.41809,            0.041076,            0.017682,            0.012083,            0.009373,            0.009373,            0.009373
                  21,            0.041554,            0.025673,            0.012655,             0.79284,             0.81316,             0.82515,             0.45254,            0.041269,            0.017533,            0.011308,             0.00934,             0.00934,             0.00934
                  22,            0.041253,            0.027172,            0.012367,             0.80899,             0.77267,             0.82669,             0.47692,            0.037176,            0.017794,            0.011772,            0.009307,            0.009307,            0.009307
                  23,            0.041964,            0.026892,             0.01306,             0.79799,              0.7559,             0.80541,             0.46646,            0.038383,            0.017259,            0.011946,            0.009274,            0.009274,            0.009274
                  24,            0.041047,            0.026496,            0.012017,             0.82785,             0.75504,             0.80581,             0.47157,            0.037941,            0.017139,            0.011347,            0.009241,            0.009241,            0.009241
                  25,            0.041064,            0.028277,             0.01212,             0.82692,             0.76921,             0.81912,             0.43817,            0.039166,            0.017158,            0.011215,            0.009208,            0.009208,            0.009208
                  26,            0.041363,            0.026484,            0.011701,             0.82701,             0.78398,             0.82588,             0.46682,            0.038181,            0.017251,            0.010903,            0.009175,            0.009175,            0.009175
                  27,            0.041124,            0.025742,            0.011782,             0.81981,             0.76255,             0.81716,             0.46686,            0.038421,            0.018283,            0.011492,            0.009142,            0.009142,            0.009142
                  28,            0.040697,            0.027998,            0.011108,             0.84546,             0.75964,             0.83794,              0.4823,            0.037167,            0.017572,            0.011359,            0.009109,            0.009109,            0.009109
                  29,            0.040951,            0.026564,            0.011563,             0.84048,             0.76407,             0.83233,             0.45647,            0.039706,            0.017141,            0.010813,            0.009076,            0.009076,            0.009076
                  30,            0.040168,            0.026904,            0.010897,              0.7881,             0.81164,             0.83841,             0.48527,            0.038628,            0.017752,            0.010664,            0.009043,            0.009043,            0.009043
                  31,             0.04114,            0.026596,            0.011844,             0.80748,             0.81135,             0.83795,             0.50461,            0.037034,            0.017153,            0.010178,             0.00901,             0.00901,             0.00901
                  32,            0.040622,            0.026156,            0.011211,             0.84935,             0.80353,             0.84744,              0.4999,            0.037011,            0.017264,            0.010381,            0.008977,            0.008977,            0.008977
                  33,            0.040131,            0.026346,            0.010547,             0.86264,             0.78427,             0.83096,             0.47325,            0.037005,            0.017066,            0.010091,            0.008944,            0.008944,            0.008944
                  34,            0.039355,            0.025522,            0.011149,             0.82426,             0.81238,             0.84665,             0.50938,            0.035669,            0.016685,            0.010116,            0.008911,            0.008911,            0.008911
                  35,            0.039844,            0.025136,            0.011175,             0.80039,             0.78881,             0.83322,             0.48084,            0.037815,              0.0172,            0.010317,            0.008878,            0.008878,            0.008878
                  36,            0.040848,            0.027133,            0.010727,             0.84089,             0.76941,             0.85513,             0.53541,            0.034473,            0.016742,           0.0097779,            0.008845,            0.008845,            0.008845
                  37,            0.039609,            0.027478,            0.010478,             0.85215,             0.81423,             0.84894,             0.48616,            0.038211,            0.016815,           0.0098554,            0.008812,            0.008812,            0.008812
                  38,            0.038581,              0.0259,           0.0099157,             0.80813,             0.82403,             0.85615,             0.49522,            0.035866,             0.01691,            0.010051,            0.008779,            0.008779,            0.008779
                  39,             0.03954,            0.026914,            0.010409,             0.85339,             0.78416,             0.84638,             0.48631,            0.037335,            0.017105,           0.0093954,            0.008746,            0.008746,            0.008746
                  40,            0.039987,            0.027362,             0.01006,             0.82809,             0.84529,             0.85345,             0.51713,            0.034405,            0.017087,           0.0096377,            0.008713,            0.008713,            0.008713
                  41,            0.038618,             0.02623,           0.0098984,             0.82461,             0.82937,             0.85133,              0.5046,            0.036475,            0.016738,           0.0092245,             0.00868,             0.00868,             0.00868
                  42,            0.037321,            0.026514,           0.0098834,             0.85644,             0.81028,             0.85904,             0.51667,            0.035082,            0.016467,           0.0091678,            0.008647,            0.008647,            0.008647
                  43,            0.037827,            0.025309,           0.0094048,             0.80106,             0.82052,              0.8502,             0.51741,            0.035857,             0.01634,           0.0091728,            0.008614,            0.008614,            0.008614
                  44,            0.039385,            0.024834,           0.0099439,             0.86642,             0.79405,             0.85992,             0.51585,            0.034631,            0.016429,           0.0093794,            0.008581,            0.008581,            0.008581
                  45,            0.038462,            0.025324,           0.0093065,             0.87398,             0.80572,             0.85112,             0.51657,            0.036007,            0.016467,           0.0089241,            0.008548,            0.008548,            0.008548
                  46,            0.037521,            0.024807,            0.008973,              0.8705,             0.82564,             0.85566,             0.53072,            0.036018,            0.016738,           0.0089695,            0.008515,            0.008515,            0.008515
                  47,            0.039307,            0.026581,           0.0096009,             0.85602,             0.82487,             0.86379,             0.50161,             0.03583,            0.016569,           0.0092646,            0.008482,            0.008482,            0.008482
                  48,            0.038464,            0.025363,           0.0096655,             0.85055,             0.81749,             0.85362,             0.51167,            0.035157,            0.016742,            0.009348,            0.008449,            0.008449,            0.008449
                  49,            0.038026,             0.02425,           0.0092865,             0.84311,             0.83828,             0.86546,             0.50861,             0.03607,             0.01697,           0.0092853,            0.008416,            0.008416,            0.008416
                  50,            0.037905,            0.025001,           0.0092587,             0.85112,             0.81653,             0.85868,             0.51487,            0.035545,            0.017017,           0.0092505,            0.008383,            0.008383,            0.008383
                  51,            0.038653,            0.028101,           0.0089755,             0.84132,             0.82376,             0.84794,             0.54322,            0.034161,             0.01686,           0.0086594,             0.00835,             0.00835,             0.00835
                  52,            0.038184,            0.025353,           0.0091558,             0.86933,             0.79538,             0.83999,              0.5301,            0.032838,            0.017053,           0.0088457,            0.008317,            0.008317,            0.008317
                  53,            0.037074,            0.024403,           0.0089475,             0.87823,              0.7846,              0.8539,             0.52188,             0.03524,            0.016318,            0.008839,            0.008284,            0.008284,            0.008284
                  54,            0.036456,            0.025993,           0.0086311,             0.85766,             0.77158,             0.84201,             0.54578,            0.033443,            0.017001,           0.0092252,            0.008251,            0.008251,            0.008251
                  55,            0.037016,            0.024494,           0.0086447,               0.828,             0.83958,             0.85161,             0.52422,            0.035168,            0.016942,           0.0085786,            0.008218,            0.008218,            0.008218
                  56,            0.038399,             0.02594,           0.0090007,             0.87994,             0.79924,             0.84749,             0.52655,            0.034643,            0.017138,           0.0084151,            0.008185,            0.008185,            0.008185
                  57,            0.037588,            0.026204,           0.0090449,             0.86629,             0.82235,             0.86054,             0.53917,            0.034211,            0.016494,           0.0084348,            0.008152,            0.008152,            0.008152
                  58,            0.036541,             0.02551,           0.0086876,             0.84664,             0.84357,             0.85728,             0.51746,            0.034744,            0.016701,           0.0083693,            0.008119,            0.008119,            0.008119
                  59,            0.036736,            0.023088,           0.0084316,             0.84296,             0.82649,             0.85004,             0.52951,            0.034156,            0.016795,           0.0083507,            0.008086,            0.008086,            0.008086
                  60,            0.035638,             0.02309,            0.007768,             0.86724,             0.81573,             0.85481,             0.52989,            0.033175,            0.016677,           0.0087182,            0.008053,            0.008053,            0.008053
                  61,            0.036626,            0.022713,           0.0089906,              0.8775,             0.79471,             0.86079,             0.53527,            0.033418,            0.016806,           0.0085896,             0.00802,             0.00802,             0.00802
                  62,            0.035753,            0.026057,            0.008433,             0.85359,             0.84741,             0.86978,             0.51751,            0.034424,            0.016439,           0.0085212,            0.007987,            0.007987,            0.007987
                  63,            0.036529,            0.025073,           0.0081438,             0.86499,             0.79971,             0.85478,             0.52724,            0.032949,            0.016842,            0.009083,            0.007954,            0.007954,            0.007954
                  64,            0.037214,            0.023535,           0.0086453,             0.86223,             0.83789,             0.86724,             0.52647,            0.034319,            0.016713,           0.0084228,            0.007921,            0.007921,            0.007921
                  65,            0.036946,            0.026607,           0.0084603,             0.88311,             0.82907,             0.87769,             0.55254,            0.032728,            0.016675,           0.0080997,            0.007888,            0.007888,            0.007888
                  66,             0.03537,            0.024994,           0.0084036,             0.86879,             0.83104,             0.87978,             0.54391,            0.032823,            0.016845,           0.0080479,            0.007855,            0.007855,            0.007855
                  67,            0.036167,            0.024084,           0.0076858,             0.82321,             0.83763,             0.86374,             0.55624,            0.031672,            0.016257,           0.0077819,            0.007822,            0.007822,            0.007822
                  68,            0.035485,            0.024464,           0.0079922,             0.83718,             0.83413,             0.84849,             0.53881,            0.034199,            0.016717,           0.0081244,            0.007789,            0.007789,            0.007789
                  69,            0.036275,            0.024577,           0.0081265,             0.86288,              0.8329,             0.86551,              0.5361,            0.033821,            0.016549,           0.0083183,            0.007756,            0.007756,            0.007756
                  70,            0.034357,            0.023134,           0.0074846,             0.85697,             0.84706,             0.86455,              0.5485,            0.032166,            0.016657,           0.0080629,            0.007723,            0.007723,            0.007723
                  71,            0.034809,            0.024313,            0.007932,             0.86443,              0.8396,             0.87135,             0.53415,            0.033984,            0.017293,           0.0080743,             0.00769,             0.00769,             0.00769
                  72,            0.035646,            0.024407,           0.0079152,              0.8436,             0.82639,              0.8502,             0.53439,            0.033352,            0.017171,           0.0080029,            0.007657,            0.007657,            0.007657
                  73,            0.035311,             0.02552,           0.0074131,             0.85404,             0.85038,             0.86387,             0.56071,            0.031771,            0.016419,           0.0080913,            0.007624,            0.007624,            0.007624
                  74,            0.033341,            0.024366,           0.0078085,             0.86056,             0.83237,             0.85936,              0.5428,            0.033259,             0.01712,           0.0080983,            0.007591,            0.007591,            0.007591
                  75,            0.035121,            0.023492,             0.00778,             0.87479,              0.7934,              0.8632,             0.56155,            0.032113,            0.016999,           0.0079568,            0.007558,            0.007558,            0.007558
                  76,            0.035842,            0.025362,            0.007912,             0.89044,              0.8131,             0.86875,             0.53167,            0.032706,            0.016556,           0.0079374,            0.007525,            0.007525,            0.007525
                  77,            0.035842,            0.024295,           0.0076364,             0.88215,             0.80855,             0.86438,             0.55417,            0.032091,             0.01666,           0.0083847,            0.007492,            0.007492,            0.007492
                  78,            0.033238,            0.024252,            0.007258,             0.83538,             0.84669,             0.86914,             0.55904,            0.031759,            0.016785,            0.007869,            0.007459,            0.007459,            0.007459
                  79,             0.03407,            0.023973,            0.007747,             0.85051,             0.83839,             0.87244,             0.56458,            0.031889,            0.017247,            0.007877,            0.007426,            0.007426,            0.007426
                  80,            0.035792,            0.023577,           0.0082679,             0.84659,             0.82811,             0.86818,             0.53444,            0.034347,            0.016894,           0.0080326,            0.007393,            0.007393,            0.007393
                  81,            0.035129,            0.025613,           0.0069506,             0.82494,             0.85289,             0.86848,             0.54885,            0.031959,            0.017036,            0.007609,             0.00736,             0.00736,             0.00736
                  82,            0.033928,            0.023925,              0.0077,             0.83648,             0.82207,             0.87573,             0.55161,            0.032594,            0.017275,           0.0079411,            0.007327,            0.007327,            0.007327
                  83,            0.035064,            0.022432,            0.007282,             0.85926,             0.84513,             0.88684,             0.54696,            0.031861,            0.016434,           0.0077926,            0.007294,            0.007294,            0.007294
                  84,            0.034667,            0.023927,            0.007809,              0.8458,             0.83586,             0.87159,             0.56502,            0.031812,            0.016474,           0.0078406,            0.007261,            0.007261,            0.007261
                  85,            0.034548,            0.025527,           0.0077709,             0.87135,              0.8423,             0.88216,             0.56141,            0.032272,            0.016786,            0.007622,            0.007228,            0.007228,            0.007228
                  86,            0.033778,             0.02433,           0.0069902,             0.86193,             0.84313,             0.87662,             0.56065,            0.031577,            0.016618,           0.0076754,            0.007195,            0.007195,            0.007195
                  87,            0.034572,             0.02503,           0.0073878,             0.85719,              0.8554,             0.88357,             0.56655,            0.031354,            0.016317,           0.0076207,            0.007162,            0.007162,            0.007162
                  88,            0.034308,            0.024107,            0.006601,             0.85735,             0.82296,             0.87481,             0.55835,            0.031438,            0.016651,           0.0077178,            0.007129,            0.007129,            0.007129
                  89,            0.034961,            0.023677,           0.0071329,             0.89299,              0.8236,              0.8748,             0.56775,            0.031156,             0.01614,           0.0079034,            0.007096,            0.007096,            0.007096
                  90,            0.032979,            0.023494,           0.0069447,             0.84164,             0.81682,             0.86833,             0.56099,            0.030951,             0.01645,            0.007648,            0.007063,            0.007063,            0.007063
                  91,             0.03347,            0.023546,           0.0069538,             0.89001,             0.81019,             0.86441,             0.57463,            0.030837,            0.016615,           0.0077709,             0.00703,             0.00703,             0.00703
                  92,            0.034118,            0.023289,           0.0074115,             0.87637,              0.8382,             0.87266,             0.56551,            0.032239,            0.016487,           0.0074928,            0.006997,            0.006997,            0.006997
                  93,            0.034477,            0.024021,           0.0069688,             0.85736,              0.8435,              0.8644,             0.56956,            0.031297,            0.016509,           0.0074912,            0.006964,            0.006964,            0.006964
                  94,            0.033313,            0.023363,           0.0071028,             0.86472,              0.8431,             0.86726,             0.56263,            0.031594,            0.016806,           0.0074341,            0.006931,            0.006931,            0.006931
                  95,            0.033477,            0.022827,           0.0065301,              0.8858,             0.84267,             0.88566,             0.56971,            0.031624,            0.016522,           0.0074471,            0.006898,            0.006898,            0.006898
                  96,            0.033701,            0.023242,           0.0072246,             0.87483,             0.83091,              0.8713,             0.58127,            0.030821,            0.016277,           0.0074801,            0.006865,            0.006865,            0.006865
                  97,            0.033555,             0.02325,           0.0065514,             0.85478,             0.83964,             0.85718,             0.56658,            0.031228,            0.016462,           0.0073139,            0.006832,            0.006832,            0.006832
                  98,            0.033142,            0.023993,           0.0069049,             0.88017,              0.8497,             0.87532,             0.57386,            0.030895,            0.016478,           0.0072729,            0.006799,            0.006799,            0.006799
                  99,            0.034204,             0.02407,           0.0071559,             0.86885,             0.83565,             0.86767,             0.57617,            0.031224,            0.016436,           0.0072875,            0.006766,            0.006766,            0.006766
                 100,             0.03314,            0.024906,           0.0065696,              0.8916,             0.83257,              0.8763,             0.57227,            0.030492,            0.016469,           0.0072642,            0.006733,            0.006733,            0.006733
                 101,            0.032438,            0.023515,            0.006634,             0.88124,             0.83642,             0.87481,             0.57194,            0.030958,             0.01685,           0.0072058,              0.0067,              0.0067,              0.0067
                 102,            0.031744,            0.024241,           0.0066748,             0.87434,             0.83934,             0.87792,             0.57355,            0.030356,            0.016705,            0.006911,            0.006667,            0.006667,            0.006667
                 103,            0.032451,              0.0228,            0.006395,              0.8966,             0.83563,             0.87651,             0.57075,            0.030507,            0.016914,           0.0068696,            0.006634,            0.006634,            0.006634
                 104,            0.033684,            0.023664,           0.0072754,             0.88098,             0.82229,             0.87483,             0.57273,            0.030775,            0.016625,           0.0071076,            0.006601,            0.006601,            0.006601
                 105,            0.033807,            0.022579,            0.006437,             0.86118,             0.83807,             0.87533,             0.56925,            0.030793,             0.01723,           0.0072775,            0.006568,            0.006568,            0.006568
                 106,            0.032023,            0.023455,           0.0067196,             0.88234,             0.82185,             0.87784,             0.57602,            0.030574,            0.016867,           0.0073473,            0.006535,            0.006535,            0.006535
                 107,            0.032283,            0.023495,           0.0065518,              0.8833,             0.85473,             0.87606,             0.56273,            0.030494,            0.016326,           0.0073209,            0.006502,            0.006502,            0.006502
                 108,             0.03233,            0.023125,            0.006344,             0.86301,             0.85581,             0.87412,             0.58142,             0.03029,            0.016315,           0.0072308,            0.006469,            0.006469,            0.006469
                 109,            0.031592,            0.023358,           0.0061691,             0.85678,             0.85303,             0.88141,              0.5653,            0.031112,            0.016172,            0.007139,            0.006436,            0.006436,            0.006436
                 110,            0.032179,            0.023835,           0.0064443,             0.88294,             0.83581,             0.88275,             0.57818,            0.030378,            0.016241,           0.0069417,            0.006403,            0.006403,            0.006403
                 111,             0.03258,            0.023208,           0.0063225,             0.90155,             0.82729,             0.88584,             0.58597,            0.029378,            0.016317,           0.0071844,             0.00637,             0.00637,             0.00637
                 112,            0.033612,            0.022414,            0.006719,             0.88939,             0.82542,             0.87098,              0.5811,            0.029193,            0.016308,           0.0073506,            0.006337,            0.006337,            0.006337
                 113,             0.03273,            0.023584,           0.0061238,             0.88842,             0.83034,             0.87196,             0.57695,            0.030587,            0.016279,           0.0073623,            0.006304,            0.006304,            0.006304
                 114,            0.031688,            0.024818,           0.0064923,             0.86042,              0.8395,              0.8697,             0.57598,            0.030627,            0.016518,           0.0071684,            0.006271,            0.006271,            0.006271
                 115,            0.032741,            0.022887,           0.0061214,             0.86366,              0.8383,              0.8715,             0.59222,            0.029926,            0.016483,           0.0072886,            0.006238,            0.006238,            0.006238
                 116,            0.032381,            0.022968,           0.0065464,             0.88263,             0.82212,              0.8756,             0.57986,            0.029878,            0.016716,           0.0070689,            0.006205,            0.006205,            0.006205
                 117,            0.031534,            0.023037,           0.0063157,             0.87293,             0.83238,             0.86556,             0.57736,            0.029763,            0.016277,           0.0071891,            0.006172,            0.006172,            0.006172
                 118,             0.03163,             0.02337,           0.0063401,             0.89897,             0.82342,             0.86422,             0.57848,            0.030234,            0.016335,           0.0069211,            0.006139,            0.006139,            0.006139
                 119,            0.031927,            0.022298,           0.0059345,             0.90188,             0.80177,             0.86434,             0.57933,            0.029999,            0.016011,           0.0067358,            0.006106,            0.006106,            0.006106
                 120,            0.031277,              0.0236,           0.0060809,             0.87804,             0.82866,             0.86881,             0.58215,            0.029631,            0.016052,           0.0071577,            0.006073,            0.006073,            0.006073
                 121,            0.030768,            0.021882,           0.0060611,             0.87048,             0.84063,             0.86893,              0.5736,            0.029977,            0.016231,           0.0071177,             0.00604,             0.00604,             0.00604
                 122,            0.031405,            0.023519,           0.0059742,             0.87953,             0.83656,             0.86162,             0.56183,            0.031177,            0.016582,           0.0070132,            0.006007,            0.006007,            0.006007
                 123,            0.032293,             0.02264,           0.0064055,             0.88205,             0.84369,             0.86817,             0.57528,            0.029617,            0.016593,           0.0069925,            0.005974,            0.005974,            0.005974
                 124,            0.031837,            0.022649,           0.0059917,             0.88477,             0.83928,             0.87938,             0.57371,             0.02984,            0.016569,            0.007108,            0.005941,            0.005941,            0.005941
                 125,            0.031576,             0.02152,           0.0064033,              0.8771,             0.83083,             0.87642,             0.59143,            0.029909,             0.01678,           0.0068419,            0.005908,            0.005908,            0.005908
                 126,            0.030091,               0.023,           0.0062512,             0.89553,             0.85077,             0.88511,             0.60457,             0.02836,            0.016183,           0.0067602,            0.005875,            0.005875,            0.005875
                 127,            0.030724,            0.022738,            0.005999,             0.89353,             0.84071,             0.89031,             0.59764,            0.028966,            0.016037,           0.0065258,            0.005842,            0.005842,            0.005842
                 128,            0.031394,            0.021976,           0.0058407,             0.90062,             0.81226,             0.88054,             0.59292,            0.028794,             0.01601,           0.0065803,            0.005809,            0.005809,            0.005809
                 129,            0.031423,            0.023201,           0.0062109,             0.88731,             0.83248,              0.8908,             0.59161,            0.028764,            0.016453,           0.0067405,            0.005776,            0.005776,            0.005776
                 130,            0.030194,            0.022113,           0.0058251,             0.88556,             0.82426,              0.8745,             0.59731,             0.02905,            0.016845,           0.0068413,            0.005743,            0.005743,            0.005743
                 131,            0.031776,             0.02186,           0.0058786,             0.86687,             0.83483,             0.87811,             0.58418,             0.02983,            0.016311,           0.0068169,             0.00571,             0.00571,             0.00571
                 132,            0.031577,            0.022626,           0.0057793,             0.89639,             0.81977,             0.87452,             0.60449,            0.029144,            0.016715,           0.0069481,            0.005677,            0.005677,            0.005677
                 133,            0.031281,            0.021817,           0.0062561,             0.88091,             0.83322,             0.88694,             0.58939,            0.029138,            0.016385,           0.0070542,            0.005644,            0.005644,            0.005644
                 134,            0.030111,            0.021724,           0.0061688,             0.86904,             0.83498,             0.87902,             0.59976,             0.02903,            0.016109,           0.0069394,            0.005611,            0.005611,            0.005611
                 135,            0.030797,            0.021918,           0.0059258,             0.86254,             0.83364,             0.87967,             0.60546,            0.028966,            0.016149,           0.0068416,            0.005578,            0.005578,            0.005578
                 136,            0.030629,            0.022596,             0.00577,             0.87014,             0.83202,             0.87584,             0.58705,            0.029441,            0.016146,           0.0068283,            0.005545,            0.005545,            0.005545
                 137,            0.030481,             0.02161,            0.005665,             0.86616,             0.83864,             0.87746,             0.60156,            0.028772,            0.016312,           0.0068877,            0.005512,            0.005512,            0.005512
                 138,            0.029821,            0.021389,           0.0056512,             0.87004,             0.83108,              0.8724,             0.59892,            0.028644,            0.016359,           0.0070155,            0.005479,            0.005479,            0.005479
                 139,            0.031307,            0.022752,            0.006097,             0.87392,             0.86578,             0.88774,             0.58859,            0.029022,            0.016052,           0.0070262,            0.005446,            0.005446,            0.005446
                 140,            0.030752,            0.023013,           0.0060477,             0.86144,             0.84448,             0.87515,             0.60381,             0.02851,            0.015848,           0.0071013,            0.005413,            0.005413,            0.005413
                 141,            0.030325,            0.022034,           0.0055032,             0.87367,             0.85291,             0.88548,             0.58396,            0.029547,            0.016073,           0.0070512,             0.00538,             0.00538,             0.00538
                 142,            0.030316,            0.023236,            0.005679,             0.85933,             0.86535,             0.88481,             0.57824,            0.029188,            0.015848,           0.0068969,            0.005347,            0.005347,            0.005347
                 143,            0.031302,            0.023625,           0.0055994,             0.88725,             0.86203,             0.89362,             0.60175,             0.02843,            0.016142,           0.0066695,            0.005314,            0.005314,            0.005314
                 144,            0.030209,            0.024126,           0.0057487,             0.91045,             0.83399,             0.88604,             0.59796,            0.029081,            0.016016,           0.0066729,            0.005281,            0.005281,            0.005281
                 145,            0.030573,            0.022015,           0.0060211,             0.86713,             0.85328,              0.8793,             0.59812,             0.02923,            0.016113,           0.0065806,            0.005248,            0.005248,            0.005248
                 146,             0.02963,            0.022131,           0.0059095,             0.87294,             0.83333,             0.87285,             0.59984,             0.02817,            0.016274,           0.0066974,            0.005215,            0.005215,            0.005215
                 147,            0.030142,             0.02176,           0.0057135,             0.88048,             0.83508,             0.87643,             0.60144,            0.028258,            0.015876,           0.0068059,            0.005182,            0.005182,            0.005182
                 148,            0.030008,            0.023001,           0.0055338,             0.89074,              0.8566,             0.89302,             0.60225,            0.028212,            0.015812,           0.0069361,            0.005149,            0.005149,            0.005149
                 149,            0.029861,            0.022133,           0.0053899,             0.88438,             0.85217,              0.8838,             0.59762,            0.028569,            0.016055,           0.0067542,            0.005116,            0.005116,            0.005116
                 150,            0.029325,            0.023868,            0.005732,             0.87157,             0.84893,             0.88518,             0.60011,            0.028239,            0.016376,           0.0067688,            0.005083,            0.005083,            0.005083
                 151,            0.029534,             0.02153,           0.0054201,             0.87065,             0.84015,             0.87654,             0.59383,            0.028326,            0.016299,            0.006496,             0.00505,             0.00505,             0.00505
                 152,            0.029848,             0.02126,           0.0056154,             0.86353,             0.85053,             0.87802,             0.59954,            0.028213,            0.016509,           0.0063449,            0.005017,            0.005017,            0.005017
                 153,            0.028904,            0.021966,           0.0055816,             0.87169,             0.84858,             0.88462,             0.60051,            0.028707,             0.01645,           0.0064568,            0.004984,            0.004984,            0.004984
                 154,             0.02907,            0.020935,           0.0052581,             0.88634,              0.8519,             0.88099,              0.6018,            0.028153,            0.016127,           0.0063079,            0.004951,            0.004951,            0.004951
                 155,            0.029102,            0.022496,           0.0054346,             0.88008,             0.85951,             0.87828,             0.60527,            0.028447,            0.016135,           0.0064698,            0.004918,            0.004918,            0.004918
                 156,             0.02983,            0.020998,           0.0053712,             0.86232,             0.84658,             0.87612,             0.58695,            0.028806,            0.016411,           0.0066557,            0.004885,            0.004885,            0.004885
                 157,            0.029473,            0.022449,           0.0049288,             0.88534,             0.83652,             0.87445,             0.59992,            0.028885,            0.016192,           0.0065447,            0.004852,            0.004852,            0.004852
                 158,            0.028703,            0.021655,           0.0055253,             0.88351,             0.83999,             0.87332,              0.6025,            0.028459,            0.016209,           0.0063978,            0.004819,            0.004819,            0.004819
                 159,             0.02956,            0.021652,            0.005423,             0.87259,             0.84149,              0.8766,             0.59925,            0.028221,            0.016157,           0.0063074,            0.004786,            0.004786,            0.004786
                 160,            0.029213,            0.020795,           0.0052365,             0.86321,             0.84865,             0.86677,             0.60441,            0.027948,            0.016078,           0.0064643,            0.004753,            0.004753,            0.004753
                 161,            0.029653,            0.023128,           0.0053629,             0.87833,             0.84907,             0.88059,             0.60218,            0.028588,            0.016115,           0.0064866,             0.00472,             0.00472,             0.00472
                 162,            0.028234,            0.021908,           0.0050604,             0.87313,             0.84649,             0.87301,             0.59975,            0.027825,            0.015957,           0.0062949,            0.004687,            0.004687,            0.004687
                 163,             0.02894,            0.021104,           0.0050924,              0.8653,             0.83714,             0.87686,             0.60764,            0.027992,            0.016045,           0.0062824,            0.004654,            0.004654,            0.004654
                 164,            0.029549,            0.020971,           0.0051887,             0.87698,             0.84498,             0.87181,             0.59701,            0.028296,            0.016092,           0.0064477,            0.004621,            0.004621,            0.004621
                 165,            0.029024,            0.023068,           0.0048793,               0.892,             0.83527,             0.87837,             0.59804,            0.028094,            0.016258,           0.0063094,            0.004588,            0.004588,            0.004588
                 166,            0.028806,            0.020571,           0.0054099,             0.89802,             0.83621,             0.88892,             0.60979,            0.027766,            0.016675,            0.006386,            0.004555,            0.004555,            0.004555
                 167,            0.029263,            0.021392,            0.004929,             0.88365,             0.83947,              0.8819,              0.6094,            0.027638,            0.015987,           0.0061911,            0.004522,            0.004522,            0.004522
                 168,             0.02899,             0.02311,           0.0052075,             0.87744,             0.85042,             0.87988,             0.60335,            0.027568,            0.016305,           0.0064402,            0.004489,            0.004489,            0.004489
                 169,            0.028586,            0.021536,            0.005182,             0.88366,             0.85029,             0.88327,             0.59815,            0.027648,            0.016202,           0.0063316,            0.004456,            0.004456,            0.004456
                 170,            0.028111,             0.02159,            0.005203,             0.89246,             0.86761,             0.88923,             0.60529,            0.027341,            0.016178,           0.0063323,            0.004423,            0.004423,            0.004423
                 171,            0.028714,            0.020606,           0.0050741,              0.8836,              0.8595,             0.87353,              0.6044,            0.027495,            0.016254,           0.0063753,             0.00439,             0.00439,             0.00439
                 172,            0.028595,            0.021738,           0.0056799,             0.89386,             0.83648,             0.87948,             0.60164,            0.027855,             0.01652,           0.0063561,            0.004357,            0.004357,            0.004357
                 173,            0.029163,              0.0211,           0.0053795,              0.8574,             0.85317,             0.87432,             0.59161,            0.028413,            0.016315,           0.0063252,            0.004324,            0.004324,            0.004324
                 174,            0.028485,            0.021862,           0.0048188,             0.86633,             0.83284,             0.86038,             0.60291,            0.027714,            0.016434,           0.0061026,            0.004291,            0.004291,            0.004291
                 175,            0.028514,              0.0216,           0.0050966,             0.88298,             0.83787,             0.87199,             0.59377,            0.027773,             0.01651,           0.0060701,            0.004258,            0.004258,            0.004258
                 176,            0.028688,            0.020854,           0.0048461,             0.88339,             0.85456,             0.88298,              0.6078,            0.027916,            0.016487,           0.0061847,            0.004225,            0.004225,            0.004225
                 177,            0.028702,            0.020556,           0.0052658,             0.87686,             0.85272,             0.88113,             0.60123,            0.027599,            0.016713,           0.0062645,            0.004192,            0.004192,            0.004192
                 178,            0.027264,            0.020351,           0.0047629,             0.88745,             0.85553,             0.88801,              0.6087,             0.02729,            0.016635,           0.0063708,            0.004159,            0.004159,            0.004159
                 179,            0.027853,            0.021089,           0.0048887,             0.88927,             0.84463,             0.88539,             0.61037,            0.027229,            0.016194,           0.0063239,            0.004126,            0.004126,            0.004126
                 180,            0.028404,            0.020612,           0.0049046,             0.89099,             0.83586,             0.89072,             0.60738,            0.027429,            0.016521,           0.0064763,            0.004093,            0.004093,            0.004093
                 181,            0.027496,            0.022214,           0.0049737,             0.88816,             0.84252,             0.88243,              0.6086,            0.027191,            0.016456,           0.0063842,             0.00406,             0.00406,             0.00406
                 182,            0.026875,            0.020241,           0.0048095,              0.8902,             0.82923,             0.88135,             0.60283,            0.027197,            0.016879,           0.0062011,            0.004027,            0.004027,            0.004027
                 183,            0.027631,            0.021837,           0.0048777,             0.88098,             0.83885,             0.88212,             0.61138,            0.027393,            0.016977,           0.0062365,            0.003994,            0.003994,            0.003994
                 184,            0.027985,            0.021473,           0.0049416,              0.8918,             0.84858,             0.88832,             0.60386,             0.02767,            0.016548,           0.0063149,            0.003961,            0.003961,            0.003961
                 185,            0.027906,            0.021284,           0.0047104,             0.87908,             0.84721,             0.88087,             0.61072,            0.027766,            0.016386,           0.0063952,            0.003928,            0.003928,            0.003928
                 186,            0.027176,            0.020151,           0.0050015,             0.87779,             0.84497,             0.88702,             0.60617,            0.027548,            0.016513,           0.0062862,            0.003895,            0.003895,            0.003895
                 187,            0.028067,             0.02053,           0.0046498,             0.87924,             0.83593,             0.88429,              0.6048,            0.028119,            0.016647,           0.0062643,            0.003862,            0.003862,            0.003862
                 188,            0.028032,            0.020159,           0.0048294,             0.88398,              0.8553,             0.88781,              0.6062,            0.027703,            0.016423,           0.0062795,            0.003829,            0.003829,            0.003829
                 189,            0.027565,            0.020483,           0.0048659,             0.88956,             0.85722,             0.88796,             0.61056,            0.028209,            0.016293,           0.0062041,            0.003796,            0.003796,            0.003796
                 190,            0.027081,             0.02015,           0.0045248,               0.878,             0.85338,             0.88791,             0.61153,            0.027898,             0.01615,           0.0061814,            0.003763,            0.003763,            0.003763
                 191,            0.027482,            0.020679,           0.0048362,             0.89111,             0.84862,             0.89228,             0.61968,            0.027202,            0.016326,           0.0062106,             0.00373,             0.00373,             0.00373
                 192,            0.027541,            0.021516,           0.0048177,             0.90085,             0.84061,             0.89614,              0.6075,            0.027947,            0.016092,           0.0063399,            0.003697,            0.003697,            0.003697
                 193,            0.026748,            0.020977,            0.004712,             0.89584,             0.84447,             0.89211,             0.60859,            0.027156,            0.016151,           0.0062625,            0.003664,            0.003664,            0.003664
                 194,            0.027241,            0.021248,            0.004662,             0.88075,             0.82883,             0.86951,             0.61684,            0.027003,            0.016532,           0.0061882,            0.003631,            0.003631,            0.003631
                 195,            0.027293,            0.021684,           0.0048703,             0.88364,             0.83344,             0.87376,             0.61903,            0.027042,            0.016588,           0.0061907,            0.003598,            0.003598,            0.003598
                 196,            0.026813,            0.019963,            0.004305,             0.89809,             0.84201,              0.8866,             0.61614,            0.027151,            0.016507,           0.0060228,            0.003565,            0.003565,            0.003565
                 197,            0.027176,            0.020843,           0.0044313,             0.88739,             0.83986,             0.88489,             0.61284,            0.027158,            0.016322,           0.0062071,            0.003532,            0.003532,            0.003532
                 198,            0.026875,            0.021907,           0.0048278,             0.87465,             0.83833,             0.87967,             0.60817,            0.027093,            0.016235,           0.0063309,            0.003499,            0.003499,            0.003499
                 199,            0.027352,            0.021527,           0.0046304,             0.89336,             0.84398,             0.88999,             0.62024,            0.026889,            0.016158,           0.0062078,            0.003466,            0.003466,            0.003466
                 200,            0.027622,            0.020425,           0.0046911,             0.88991,             0.85627,             0.88573,             0.62474,            0.026719,            0.016209,            0.006139,            0.003433,            0.003433,            0.003433
                 201,            0.026709,            0.019575,           0.0045355,             0.89028,             0.83099,             0.87807,             0.61503,            0.026903,            0.016289,           0.0064759,              0.0034,              0.0034,              0.0034
                 202,            0.026683,            0.021308,           0.0046361,             0.87323,             0.84508,             0.88316,             0.61544,             0.02687,            0.016094,            0.006285,            0.003367,            0.003367,            0.003367
                 203,            0.026424,            0.020273,           0.0043848,              0.8887,             0.83729,             0.88901,             0.61368,            0.027214,            0.016444,           0.0062889,            0.003334,            0.003334,            0.003334
                 204,              0.0268,            0.021804,           0.0046356,             0.87811,              0.8635,             0.89205,             0.61996,            0.026911,            0.016207,           0.0062221,            0.003301,            0.003301,            0.003301
                 205,            0.026782,            0.021247,           0.0044806,             0.86776,             0.86002,             0.87869,             0.61495,            0.027247,             0.01624,            0.006132,            0.003268,            0.003268,            0.003268
                 206,            0.026934,            0.020319,           0.0045898,             0.87007,             0.84703,             0.88007,             0.61841,            0.027186,            0.016455,           0.0061206,            0.003235,            0.003235,            0.003235
                 207,            0.026684,            0.021248,           0.0045293,             0.87861,             0.84494,             0.87425,             0.62071,            0.026946,            0.016303,            0.005992,            0.003202,            0.003202,            0.003202
                 208,            0.027279,            0.021067,           0.0043707,             0.88552,             0.86034,              0.8785,             0.62417,            0.026616,            0.016253,           0.0058396,            0.003169,            0.003169,            0.003169
                 209,            0.026305,            0.020239,            0.004326,             0.87638,              0.8435,              0.8757,             0.61809,            0.027133,            0.016631,           0.0058833,            0.003136,            0.003136,            0.003136
                 210,            0.026978,            0.020836,           0.0048662,              0.8751,             0.85022,             0.87363,             0.61167,            0.026994,            0.016474,           0.0059083,            0.003103,            0.003103,            0.003103
                 211,            0.026702,            0.021299,           0.0047006,             0.88731,             0.85958,             0.88461,             0.62719,            0.026776,            0.016167,           0.0058054,             0.00307,             0.00307,             0.00307
                 212,            0.027644,            0.021618,            0.004516,             0.89575,             0.86287,             0.89007,             0.61895,            0.026897,            0.016362,           0.0059609,            0.003037,            0.003037,            0.003037
                 213,            0.026533,            0.022325,           0.0043307,             0.89401,             0.85356,             0.88175,             0.62144,            0.026643,            0.016267,           0.0060043,            0.003004,            0.003004,            0.003004
                 214,            0.026229,            0.020005,           0.0045241,             0.88789,             0.84475,             0.88215,             0.61166,            0.026601,            0.016143,           0.0060964,            0.002971,            0.002971,            0.002971
                 215,             0.02721,            0.021352,           0.0051031,             0.88389,             0.84688,              0.8863,             0.61849,             0.02666,            0.015995,           0.0059142,            0.002938,            0.002938,            0.002938
                 216,            0.025704,            0.020019,           0.0042819,             0.88536,             0.84925,             0.89218,             0.62374,            0.026392,            0.016333,           0.0059062,            0.002905,            0.002905,            0.002905
                 217,            0.025694,            0.020818,           0.0044613,             0.89168,             0.84775,             0.88391,              0.6108,            0.026883,            0.016341,           0.0059075,            0.002872,            0.002872,            0.002872
                 218,            0.026023,            0.020333,           0.0044655,             0.89309,              0.8436,             0.88428,             0.62697,            0.026558,            0.016255,           0.0058606,            0.002839,            0.002839,            0.002839
                 219,            0.026458,             0.02095,            0.004492,              0.8865,             0.84994,             0.89015,              0.6306,            0.026308,            0.016271,            0.005798,            0.002806,            0.002806,            0.002806
                 220,            0.026226,            0.021454,           0.0046139,             0.89122,              0.8386,             0.88105,             0.62764,            0.026657,            0.015963,           0.0057752,            0.002773,            0.002773,            0.002773
                 221,             0.02534,            0.019773,           0.0040705,             0.90788,             0.85688,             0.89224,             0.62891,            0.026323,              0.0159,           0.0058468,             0.00274,             0.00274,             0.00274
                 222,            0.025442,            0.019594,           0.0041753,             0.90549,             0.85394,             0.88948,              0.6239,            0.026545,            0.016024,            0.005868,            0.002707,            0.002707,            0.002707
                 223,            0.025314,            0.019831,           0.0040097,             0.89854,             0.85214,             0.88582,             0.62573,            0.026416,            0.016083,           0.0059114,            0.002674,            0.002674,            0.002674
                 224,            0.025313,            0.021778,           0.0042186,             0.89719,             0.85232,             0.88452,             0.61962,            0.026492,            0.016246,           0.0060308,            0.002641,            0.002641,            0.002641
                 225,            0.025414,            0.020789,           0.0044124,             0.90275,             0.85197,             0.88851,             0.62114,            0.026611,            0.016192,           0.0059068,            0.002608,            0.002608,            0.002608
                 226,             0.02513,            0.019866,           0.0044304,             0.88987,             0.84519,             0.88047,             0.62434,            0.026275,            0.016137,           0.0058267,            0.002575,            0.002575,            0.002575
                 227,             0.02559,            0.019405,           0.0044758,             0.88498,             0.84717,             0.87948,               0.621,            0.026463,             0.01615,           0.0059723,            0.002542,            0.002542,            0.002542
                 228,            0.025412,            0.020101,           0.0044122,             0.88723,             0.84955,             0.88807,             0.62802,            0.026569,            0.015994,           0.0059162,            0.002509,            0.002509,            0.002509
                 229,            0.025068,            0.019824,           0.0042772,             0.88184,             0.85576,             0.88206,             0.62827,            0.026412,            0.015898,           0.0059429,            0.002476,            0.002476,            0.002476
                 230,            0.024877,            0.018595,           0.0041762,             0.90169,             0.85927,             0.89398,             0.63175,             0.02627,            0.016085,           0.0059147,            0.002443,            0.002443,            0.002443
                 231,            0.026087,             0.02144,           0.0045581,             0.89743,             0.84888,             0.88399,             0.63658,            0.026088,            0.016027,           0.0058246,             0.00241,             0.00241,             0.00241
                 232,            0.024187,            0.019768,           0.0038345,             0.88782,             0.85155,             0.88485,             0.63448,            0.026112,            0.016057,           0.0057747,            0.002377,            0.002377,            0.002377
                 233,            0.024997,            0.019991,           0.0046018,             0.89388,             0.85327,             0.88992,             0.62478,            0.026092,            0.016131,           0.0056777,            0.002344,            0.002344,            0.002344
                 234,            0.024693,            0.018793,           0.0039125,             0.88126,             0.84663,             0.88533,             0.62571,            0.026231,            0.016337,           0.0056425,            0.002311,            0.002311,            0.002311
                 235,            0.025277,             0.02033,           0.0040929,             0.87655,             0.85107,             0.87933,             0.62455,            0.026322,            0.016289,           0.0057496,            0.002278,            0.002278,            0.002278
                 236,            0.024829,            0.019559,           0.0043583,             0.88493,             0.86236,             0.88121,             0.62903,             0.02635,            0.016197,           0.0058943,            0.002245,            0.002245,            0.002245
                 237,            0.024818,            0.018998,            0.003987,             0.88595,             0.85381,             0.88281,             0.61495,            0.026334,            0.016061,           0.0059496,            0.002212,            0.002212,            0.002212
                 238,            0.025136,            0.020283,           0.0041125,             0.88944,             0.84366,              0.8849,             0.62108,            0.026661,            0.016026,           0.0060076,            0.002179,            0.002179,            0.002179
                 239,            0.025139,            0.020925,           0.0041337,             0.87653,             0.85513,             0.88126,             0.62127,            0.026639,            0.015919,           0.0060519,            0.002146,            0.002146,            0.002146
                 240,            0.024439,            0.020532,           0.0040378,             0.88319,             0.85384,             0.88084,             0.62859,             0.02627,            0.015809,            0.006018,            0.002113,            0.002113,            0.002113
                 241,            0.025279,            0.020039,           0.0043508,              0.8883,             0.85234,             0.87972,             0.62844,            0.026205,            0.015828,           0.0060074,             0.00208,             0.00208,             0.00208
                 242,            0.025123,             0.02106,           0.0042269,             0.87445,             0.85665,             0.88012,             0.63009,            0.026192,             0.01583,           0.0059721,            0.002047,            0.002047,            0.002047
                 243,            0.025544,            0.021015,            0.004309,             0.87728,             0.84791,             0.88013,             0.62371,            0.026287,            0.015893,           0.0059331,            0.002014,            0.002014,            0.002014
                 244,            0.024659,            0.019855,           0.0042626,             0.87954,             0.83347,             0.87586,              0.6281,            0.026291,            0.016098,           0.0059923,            0.001981,            0.001981,            0.001981
                 245,            0.024768,            0.020763,           0.0041056,             0.87924,             0.83583,             0.87673,             0.62734,            0.026215,            0.016192,            0.005908,            0.001948,            0.001948,            0.001948
                 246,              0.0246,            0.020188,           0.0038819,             0.89382,             0.82565,              0.8752,             0.62428,            0.026473,            0.016355,           0.0059021,            0.001915,            0.001915,            0.001915
                 247,            0.024418,            0.019452,           0.0039334,             0.88622,             0.82763,             0.86993,             0.63068,             0.02619,            0.016252,           0.0058597,            0.001882,            0.001882,            0.001882
                 248,            0.024315,            0.019587,           0.0040952,             0.87707,             0.83928,             0.87299,             0.62474,            0.025985,            0.016018,           0.0058028,            0.001849,            0.001849,            0.001849
                 249,            0.024776,            0.021305,           0.0041326,             0.87851,             0.84876,             0.87958,             0.63177,            0.026107,            0.015975,           0.0057904,            0.001816,            0.001816,            0.001816
                 250,            0.025167,            0.020627,            0.004035,             0.88123,             0.84939,             0.88248,             0.63086,            0.026016,            0.015902,            0.005806,            0.001783,            0.001783,            0.001783
                 251,            0.023931,            0.018686,           0.0039166,             0.87221,             0.84929,             0.87823,             0.63225,            0.025963,            0.015983,           0.0058589,             0.00175,             0.00175,             0.00175
                 252,            0.024228,             0.01993,           0.0044416,             0.87286,             0.84262,             0.87656,             0.62838,            0.026037,             0.01603,           0.0058418,            0.001717,            0.001717,            0.001717
                 253,            0.023888,            0.019612,           0.0038555,             0.90595,             0.84034,             0.88541,             0.62828,            0.026197,            0.015947,           0.0058412,            0.001684,            0.001684,            0.001684
                 254,            0.023538,            0.017876,           0.0037787,             0.89255,             0.84412,             0.88315,             0.62258,            0.026184,            0.016135,           0.0059099,            0.001651,            0.001651,            0.001651
                 255,            0.023884,              0.0199,           0.0038288,             0.89117,             0.84031,             0.87959,             0.62927,            0.026125,            0.016556,           0.0059552,            0.001618,            0.001618,            0.001618
                 256,            0.023538,            0.020191,           0.0037286,             0.89785,             0.83854,             0.87774,             0.62637,            0.026136,            0.016589,           0.0059748,            0.001585,            0.001585,            0.001585
                 257,            0.023928,            0.019234,           0.0037754,             0.89334,             0.84466,             0.88153,             0.62792,            0.026014,            0.016271,           0.0059558,            0.001552,            0.001552,            0.001552
                 258,            0.024375,            0.019581,           0.0037255,             0.90342,             0.85219,             0.88964,              0.6302,             0.02605,            0.016144,           0.0059637,            0.001519,            0.001519,            0.001519
                 259,            0.024585,             0.01927,           0.0038846,             0.88675,             0.84501,             0.88342,             0.63102,            0.025852,            0.016211,            0.005997,            0.001486,            0.001486,            0.001486
                 260,            0.023698,             0.01815,           0.0038601,             0.87748,             0.85263,             0.88474,             0.62918,            0.025825,            0.016236,           0.0059578,            0.001453,            0.001453,            0.001453
                 261,            0.024144,            0.020545,           0.0038165,             0.87957,             0.85698,             0.88229,             0.63083,            0.025664,            0.016292,           0.0059068,             0.00142,             0.00142,             0.00142
                 262,            0.023137,            0.019574,           0.0035043,             0.87511,             0.85202,              0.8803,             0.63056,            0.025737,             0.01617,            0.005841,            0.001387,            0.001387,            0.001387
                 263,            0.024231,            0.018895,           0.0040184,             0.88417,             0.84725,             0.87595,             0.63311,            0.025994,            0.016087,           0.0058705,            0.001354,            0.001354,            0.001354
                 264,            0.023888,            0.020947,           0.0038718,             0.88698,              0.8589,              0.8846,             0.63541,            0.025792,              0.0161,           0.0059134,            0.001321,            0.001321,            0.001321
                 265,             0.02364,            0.018457,           0.0037876,             0.87568,             0.85766,             0.87781,             0.63571,            0.025803,            0.016066,           0.0059607,            0.001288,            0.001288,            0.001288
                 266,            0.024209,            0.019836,           0.0038206,              0.8816,             0.85373,             0.88167,             0.63302,             0.02591,            0.016183,           0.0059795,            0.001255,            0.001255,            0.001255
                 267,            0.024315,            0.019142,           0.0040369,             0.89583,              0.8491,             0.88502,             0.63198,            0.025845,            0.016331,           0.0058883,            0.001222,            0.001222,            0.001222
                 268,            0.023196,            0.019601,           0.0036564,             0.89538,             0.84004,             0.87661,              0.6354,            0.025717,            0.016428,           0.0058318,            0.001189,            0.001189,            0.001189
                 269,            0.023617,            0.018953,           0.0037172,             0.89354,             0.84546,             0.88267,             0.63384,            0.025825,            0.016439,           0.0057667,            0.001156,            0.001156,            0.001156
                 270,            0.024075,            0.019478,           0.0038325,             0.89421,             0.84886,             0.88527,             0.63024,            0.025873,            0.016267,             0.00574,            0.001123,            0.001123,            0.001123
                 271,            0.023199,            0.019248,           0.0039264,             0.88009,             0.85056,             0.88418,             0.63145,            0.025985,             0.01624,           0.0057657,             0.00109,             0.00109,             0.00109
                 272,              0.0237,            0.019299,           0.0040458,             0.88448,             0.85565,             0.88435,             0.63119,             0.02592,             0.01641,           0.0057874,            0.001057,            0.001057,            0.001057
                 273,            0.023584,            0.019184,           0.0039058,             0.88688,             0.84841,             0.87869,             0.63743,            0.025803,            0.016275,           0.0057746,            0.001024,            0.001024,            0.001024
                 274,            0.023631,            0.020059,           0.0038685,             0.88954,             0.84332,             0.87623,             0.63406,            0.025769,            0.016169,           0.0057437,            0.000991,            0.000991,            0.000991
                 275,            0.023612,            0.020325,           0.0036904,              0.8905,             0.84009,             0.87397,             0.62876,            0.025785,            0.016327,           0.0057969,            0.000958,            0.000958,            0.000958
                 276,            0.022422,            0.019049,           0.0037576,             0.88754,             0.84455,             0.87543,             0.62442,            0.025852,            0.016307,           0.0058361,            0.000925,            0.000925,            0.000925
                 277,            0.022936,            0.018244,           0.0033137,              0.8881,             0.85307,             0.88375,             0.62603,             0.02594,            0.016175,           0.0058826,            0.000892,            0.000892,            0.000892
                 278,            0.023253,            0.019288,           0.0036847,             0.88525,               0.856,             0.88891,              0.6346,            0.025782,            0.016125,           0.0058552,            0.000859,            0.000859,            0.000859
                 279,            0.022803,            0.018758,           0.0034305,             0.88545,             0.85486,             0.88651,               0.636,            0.025805,            0.016066,           0.0058648,            0.000826,            0.000826,            0.000826
                 280,             0.02355,            0.020241,           0.0036527,             0.88504,             0.85692,             0.88107,             0.63578,            0.025665,            0.016078,           0.0058467,            0.000793,            0.000793,            0.000793
                 281,            0.022725,             0.01912,           0.0036027,             0.88402,             0.85487,             0.88098,             0.63135,            0.025608,            0.016155,           0.0058569,             0.00076,             0.00076,             0.00076
                 282,            0.022837,            0.019621,           0.0035814,             0.88464,             0.84504,             0.87848,             0.63436,            0.025673,            0.016251,           0.0058987,            0.000727,            0.000727,            0.000727
                 283,            0.023567,            0.020517,           0.0036264,             0.88971,             0.85487,             0.88244,             0.63694,            0.025672,            0.016242,           0.0058791,            0.000694,            0.000694,            0.000694
                 284,            0.022925,            0.019428,           0.0035045,             0.88733,              0.8553,             0.88575,             0.63795,            0.025776,            0.016146,           0.0058951,            0.000661,            0.000661,            0.000661
                 285,            0.023589,            0.019421,           0.0036781,             0.87845,             0.85414,             0.88383,             0.63699,            0.025709,            0.016132,           0.0058641,            0.000628,            0.000628,            0.000628
                 286,            0.023203,             0.01893,           0.0035744,             0.88033,             0.85468,             0.88127,             0.64177,            0.025618,            0.016122,           0.0057884,            0.000595,            0.000595,            0.000595
                 287,            0.022908,            0.018615,           0.0039195,             0.87958,             0.85456,             0.87758,             0.63719,            0.025568,            0.016094,           0.0057886,            0.000562,            0.000562,            0.000562
                 288,            0.023691,            0.019542,           0.0036497,               0.888,              0.8496,             0.87854,             0.63114,            0.025702,            0.016216,           0.0057967,            0.000529,            0.000529,            0.000529
                 289,            0.022752,            0.018401,           0.0035646,             0.88563,              0.8481,             0.87817,             0.62934,            0.025674,            0.016225,           0.0057924,            0.000496,            0.000496,            0.000496
                 290,            0.022821,            0.017812,            0.003445,             0.88053,             0.85409,             0.88181,             0.63287,            0.025597,            0.016123,           0.0057909,            0.000463,            0.000463,            0.000463
                 291,            0.024344,            0.020375,           0.0039747,             0.88147,             0.85092,             0.88032,             0.63403,            0.025584,             0.01614,            0.005816,             0.00043,             0.00043,             0.00043
                 292,            0.021751,            0.018599,           0.0031197,             0.88682,             0.85029,             0.87929,             0.63642,            0.025534,             0.01619,           0.0058423,            0.000397,            0.000397,            0.000397
                 293,            0.023041,             0.02057,           0.0037102,             0.88923,             0.83926,             0.87835,             0.63693,             0.02554,            0.016173,           0.0058403,            0.000364,            0.000364,            0.000364
                 294,            0.022839,             0.01961,           0.0035725,             0.88969,             0.83586,             0.87379,             0.63493,            0.025599,             0.01614,           0.0058383,            0.000331,            0.000331,            0.000331
                 295,            0.022369,             0.01899,           0.0032107,             0.89398,             0.84236,             0.88034,             0.64059,            0.025606,            0.016191,           0.0058567,            0.000298,            0.000298,            0.000298
                 296,            0.022634,            0.018628,              0.0035,              0.8862,             0.85222,             0.87969,             0.63889,            0.025596,            0.016256,           0.0058701,            0.000265,            0.000265,            0.000265
                 297,            0.022846,            0.019322,           0.0040179,              0.8887,             0.85395,              0.8831,             0.64148,            0.025612,            0.016269,            0.005893,            0.000232,            0.000232,            0.000232
                 298,            0.022348,            0.019321,           0.0033127,             0.88782,             0.85331,             0.88293,             0.63976,            0.025579,             0.01627,           0.0058982,            0.000199,            0.000199,            0.000199
                 299,            0.022385,            0.018307,           0.0034002,             0.89209,             0.84673,             0.88233,             0.63773,            0.025567,            0.016233,           0.0058987,            0.000166,            0.000166,            0.000166
